vulnerability,Ablation_Full,Ablation_woLCN,Ablation_woOrtho,Ablation_woTransformer,Ablation_woWarmup
reentrancy,0.4280521622912927,0.29460904525966336,0.34254929416219737,0.2104420450350683,0.425294326319757
integer_overflow,0.43980323738844995,0.36587534797401794,0.40317176099655216,0.2562670068027211,0.4921731272729628
time_dependency,0.5504921726755219,0.29516129032258065,0.3720843672456575,0.0,0.5442942942942943
dos_failed_call,0.27310370788631655,0.44502801120448177,0.4256827731092437,0.15476190476190477,0.26086956521739135
